Date,Weekday,Week Number,Academic Year,Fiscal Year,Parking Restrictions - Simplified,Parking Restrictions - Specific,Special Restrictions (Start),Special Restrictions (End)
01/01/2024,Monday,28,2023-2024,2024,University-Observed Holiday,Winter Break; University-Observed Holiday,0,0
01/02/2024,Tuesday,28,2023-2024,2024,"Intersemesters, Breaks, Exams, & Winter Term",Winter Term,0,0
01/03/2024,Wednesday,28,2023-2024,2024,"Intersemesters, Breaks, Exams, & Winter Term",Winter Term,0,0
01/04/2024,Thursday,28,2023-2024,2024,"Intersemesters, Breaks, Exams, & Winter Term",Winter Term,0,0
01/05/2024,Friday,28,2023-2024,2024,"Intersemesters, Breaks, Exams, & Winter Term",Winter Term,0,0
01/06/2024,Saturday,28,2023-2024,2024,"Intersemesters, Breaks, Exams, & Winter Term",Winter Term,0,0
01/07/2024,Sunday,29,2023-2024,2024,"Intersemesters, Breaks, Exams, & Winter Term",Winter Term,0,0
01/08/2024,Monday,29,2023-2024,2024,"Intersemesters, Breaks, Exams, & Winter Term",Winter Term,1,0
01/09/2024,Tuesday,29,2023-2024,2024,"Intersemesters, Breaks, Exams, & Winter Term",Winter Term,0,0
01/10/2024,Wednesday,29,2023-2024,2024,"Intersemesters, Breaks, Exams, & Winter Term",Winter Term,0,1
01/11/2024,Thursday,29,2023-2024,2024,"Intersemesters, Breaks, Exams, & Winter Term",Winter Term,1,0
01/12/2024,Friday,29,2023-2024,2024,"Intersemesters, Breaks, Exams, & Winter Term",Winter Term,1,1
01/13/2024,Saturday,29,2023-2024,2024,"Intersemesters, Breaks, Exams, & Winter Term",Winter Term,0,0
01/14/2024,Sunday,30,2023-2024,2024,"Intersemesters, Breaks, Exams, & Winter Term",Winter Term,0,0
01/15/2024,Monday,30,2023-2024,2024,University-Observed Holiday,Winter Term; University-Observed Holiday,0,1
01/16/2024,Tuesday,30,2023-2024,2024,"Intersemesters, Breaks, Exams, & Winter Term",Winter Term,0,0
01/17/2024,Wednesday,30,2023-2024,2024,"Intersemesters, Breaks, Exams, & Winter Term",Winter Term,0,0
01/18/2024,Thursday,30,2023-2024,2024,"Intersemesters, Breaks, Exams, & Winter Term",Winter Term,0,0
01/19/2024,Friday,30,2023-2024,2024,"Intersemesters, Breaks, Exams, & Winter Term",Winter Term,0,0
01/20/2024,Saturday,30,2023-2024,2024,"Intersemesters, Breaks, Exams, & Winter Term",Winter Term,1,1
01/21/2024,Sunday,31,2023-2024,2024,"Intersemesters, Breaks, Exams, & Winter Term",Winter Term,0,0
01/22/2024,Monday,31,2023-2024,2024,"Intersemesters, Breaks, Exams, & Winter Term",Winter Term,0,0
01/23/2024,Tuesday,31,2023-2024,2024,"Intersemesters, Breaks, Exams, & Winter Term",Winter Term,1,0
01/24/2024,Wednesday,31,2023-2024,2024,Spring Semester,Spring Semester,0,0
01/25/2024,Thursday,31,2023-2024,2024,Spring Semester,Spring Semester,0,0
01/26/2024,Friday,31,2023-2024,2024,Spring Semester,Spring Semester,1,0
01/27/2024,Saturday,31,2023-2024,2024,Spring Semester,Spring Semester,0,0
01/28/2024,Sunday,32,2023-2024,2024,Spring Semester,Spring Semester,0,0
01/29/2024,Monday,32,2023-2024,2024,Spring Semester,Spring Semester,0,0
01/30/2024,Tuesday,32,2023-2024,2024,Spring Semester,Spring Semester,0,0
01/31/2024,Wednesday,32,2023-2024,2024,Spring Semester,Spring Semester,3,3
02/01/2024,Thursday,32,2023-2024,2024,Spring Semester,Spring Semester,0,0
02/02/2024,Friday,32,2023-2024,2024,Spring Semester,Spring Semester,1,1
02/03/2024,Saturday,32,2023-2024,2024,Spring Semester,Spring Semester,1,1
02/04/2024,Sunday,33,2023-2024,2024,Spring Semester,Spring Semester,0,0
02/05/2024,Monday,33,2023-2024,2024,Spring Semester,Spring Semester,0,0
02/06/2024,Tuesday,33,2023-2024,2024,Spring Semester,Spring Semester,0,0
02/07/2024,Wednesday,33,2023-2024,2024,Spring Semester,Spring Semester,1,1
02/08/2024,Thursday,33,2023-2024,2024,Spring Semester,Spring Semester,0,0
02/09/2024,Friday,33,2023-2024,2024,Spring Semester,Spring Semester,0,0
02/10/2024,Saturday,33,2023-2024,2024,Spring Semester,Spring Semester,0,0
02/11/2024,Sunday,34,2023-2024,2024,Spring Semester,Spring Semester,0,0
02/12/2024,Monday,34,2023-2024,2024,Spring Semester,Spring Semester,2,1
02/13/2024,Tuesday,34,2023-2024,2024,Spring Semester,Spring Semester,1,0
02/14/2024,Wednesday,34,2023-2024,2024,Spring Semester,Spring Semester,2,3
02/15/2024,Thursday,34,2023-2024,2024,Spring Semester,Spring Semester,1,0
02/16/2024,Friday,34,2023-2024,2024,Spring Semester,Spring Semester,1,2
02/17/2024,Saturday,34,2023-2024,2024,Spring Semester,Spring Semester,1,1
02/18/2024,Sunday,35,2023-2024,2024,Spring Semester,Spring Semester,0,0
02/19/2024,Monday,35,2023-2024,2024,Spring Semester,Spring Semester,2,1
02/20/2024,Tuesday,35,2023-2024,2024,Spring Semester,Spring Semester,0,0
02/21/2024,Wednesday,35,2023-2024,2024,Spring Semester,Spring Semester,1,1
02/22/2024,Thursday,35,2023-2024,2024,Spring Semester,Spring Semester,0,0
02/23/2024,Friday,35,2023-2024,2024,Spring Semester,Spring Semester,0,1
02/24/2024,Saturday,35,2023-2024,2024,Spring Semester,Spring Semester,0,0
02/25/2024,Sunday,36,2023-2024,2024,Spring Semester,Spring Semester,0,0
02/26/2024,Monday,36,2023-2024,2024,Spring Semester,Spring Semester,1,1
02/27/2024,Tuesday,36,2023-2024,2024,Spring Semester,Spring Semester,0,0
02/28/2024,Wednesday,36,2023-2024,2024,Spring Semester,Spring Semester,2,2
02/29/2024,Thursday,36,2023-2024,2024,Spring Semester,Spring Semester,0,0
03/01/2024,Friday,36,2023-2024,2024,Spring Semester,Spring Semester,1,1
03/02/2024,Saturday,36,2023-2024,2024,Spring Semester,Spring Semester,0,0
03/03/2024,Sunday,37,2023-2024,2024,Spring Semester,Spring Semester,0,0
03/04/2024,Monday,37,2023-2024,2024,Spring Semester,Spring Semester,1,1
03/05/2024,Tuesday,37,2023-2024,2024,Spring Semester,Spring Semester,0,0
03/06/2024,Wednesday,37,2023-2024,2024,Spring Semester,Spring Semester,2,1
03/07/2024,Thursday,37,2023-2024,2024,Spring Semester,Spring Semester,0,0
03/08/2024,Friday,37,2023-2024,2024,Spring Semester,Spring Semester,1,2
03/09/2024,Saturday,37,2023-2024,2024,Spring Semester,Spring Semester,1,1
03/10/2024,Sunday,38,2023-2024,2024,Spring Semester,Spring Semester,0,0
03/11/2024,Monday,38,2023-2024,2024,Spring Semester,Spring Semester,2,1
03/12/2024,Tuesday,38,2023-2024,2024,Spring Semester,Spring Semester,1,0
03/13/2024,Wednesday,38,2023-2024,2024,Spring Semester,Spring Semester,0,0
03/14/2024,Thursday,38,2023-2024,2024,Spring Semester,Spring Semester,0,0
03/15/2024,Friday,38,2023-2024,2024,Spring Semester,Spring Semester,0,1
03/16/2024,Saturday,38,2023-2024,2024,Spring Semester,Spring Semester,1,0
03/17/2024,Sunday,39,2023-2024,2024,"Intersemesters, Breaks, Exams, & Winter Term",Spring Break,0,0
03/18/2024,Monday,39,2023-2024,2024,University-Observed Holiday,Spring Break; University-Observed Holiday,3,1
03/19/2024,Tuesday,39,2023-2024,2024,University-Observed Holiday,Spring Break; University-Observed Holiday,0,0
03/20/2024,Wednesday,39,2023-2024,2024,"Intersemesters, Breaks, Exams, & Winter Term",Spring Break,0,0
03/21/2024,Thursday,39,2023-2024,2024,"Intersemesters, Breaks, Exams, & Winter Term",Spring Break,0,0
03/22/2024,Friday,39,2023-2024,2024,"Intersemesters, Breaks, Exams, & Winter Term",Spring Break,0,1
03/23/2024,Saturday,39,2023-2024,2024,"Intersemesters, Breaks, Exams, & Winter Term",Spring Break,0,2
03/24/2024,Sunday,40,2023-2024,2024,"Intersemesters, Breaks, Exams, & Winter Term",Spring Break,0,1
03/25/2024,Monday,40,2023-2024,2024,Spring Semester,Spring Semester,0,0
03/26/2024,Tuesday,40,2023-2024,2024,Spring Semester,Spring Semester,0,0
03/27/2024,Wednesday,40,2023-2024,2024,Spring Semester,Spring Semester,0,0
03/28/2024,Thursday,40,2023-2024,2024,Spring Semester,Spring Semester,0,0
03/29/2024,Friday,40,2023-2024,2024,Spring Semester,Spring Semester,1,1
03/30/2024,Saturday,40,2023-2024,2024,Spring Semester,Spring Semester,0,0
03/31/2024,Sunday,41,2023-2024,2024,Spring Semester,Spring Semester,0,0
04/01/2024,Monday,41,2023-2024,2024,Spring Semester,Spring Semester,2,2
04/02/2024,Tuesday,41,2023-2024,2024,Spring Semester,Spring Semester,0,0
04/03/2024,Wednesday,41,2023-2024,2024,Spring Semester,Spring Semester,0,0
04/04/2024,Thursday,41,2023-2024,2024,Spring Semester,Spring Semester,0,0
04/05/2024,Friday,41,2023-2024,2024,Spring Semester,Spring Semester,3,2
04/06/2024,Saturday,41,2023-2024,2024,Spring Semester,Spring Semester,0,0
04/07/2024,Sunday,42,2023-2024,2024,Spring Semester,Spring Semester,0,0
04/08/2024,Monday,42,2023-2024,2024,Spring Semester,Spring Semester,0,1
04/09/2024,Tuesday,42,2023-2024,2024,Spring Semester,Spring Semester,0,0
04/10/2024,Wednesday,42,2023-2024,2024,Spring Semester,Spring Semester,2,1
04/11/2024,Thursday,42,2023-2024,2024,Spring Semester,Spring Semester,4,3
04/12/2024,Friday,42,2023-2024,2024,Spring Semester,Spring Semester,0,0
04/13/2024,Saturday,42,2023-2024,2024,Spring Semester,Spring Semester,0,0
04/14/2024,Sunday,43,2023-2024,2024,Spring Semester,Spring Semester,0,0
04/15/2024,Monday,43,2023-2024,2024,Spring Semester,Spring Semester,2,2
04/16/2024,Tuesday,43,2023-2024,2024,Spring Semester,Spring Semester,1,1
04/17/2024,Wednesday,43,2023-2024,2024,Spring Semester,Spring Semester,0,0
04/18/2024,Thursday,43,2023-2024,2024,Spring Semester,Spring Semester,2,0
04/19/2024,Friday,43,2023-2024,2024,Spring Semester,Spring Semester,2,3
04/20/2024,Saturday,43,2023-2024,2024,Spring Semester,Spring Semester,0,0
04/21/2024,Sunday,44,2023-2024,2024,Spring Semester,Spring Semester,0,1
04/22/2024,Monday,44,2023-2024,2024,Spring Semester,Spring Semester,0,0
04/23/2024,Tuesday,44,2023-2024,2024,Spring Semester,Spring Semester,0,0
04/24/2024,Wednesday,44,2023-2024,2024,Spring Semester,Spring Semester,1,2
04/25/2024,Thursday,44,2023-2024,2024,Spring Semester,Spring Semester,1,1
04/26/2024,Friday,44,2023-2024,2024,Spring Semester,Spring Semester,3,0
04/27/2024,Saturday,44,2023-2024,2024,Spring Semester,Spring Semester,2,5
04/28/2024,Sunday,45,2023-2024,2024,Spring Semester,Spring Semester,0,0
04/29/2024,Monday,45,2023-2024,2024,Spring Semester,Spring Semester,1,0
04/30/2024,Tuesday,45,2023-2024,2024,Spring Semester,Spring Semester,0,1
05/01/2024,Wednesday,45,2023-2024,2024,Spring Semester,Spring Semester,2,0
05/02/2024,Thursday,45,2023-2024,2024,Spring Semester,Spring Semester,1,1
05/03/2024,Friday,45,2023-2024,2024,Spring Semester,Spring Semester,0,1
05/04/2024,Saturday,45,2023-2024,2024,Spring Semester,Spring Semester,0,0
05/05/2024,Sunday,46,2023-2024,2024,Spring Semester,Spring Semester,0,0
05/06/2024,Monday,46,2023-2024,2024,Spring Semester,Spring Semester,0,0
05/07/2024,Tuesday,46,2023-2024,2024,Spring Semester,Spring Semester,0,1
05/08/2024,Wednesday,46,2023-2024,2024,Spring Semester,Spring Semester,3,2
05/09/2024,Thursday,46,2023-2024,2024,Spring Semester,Spring Semester,2,2
05/10/2024,Friday,46,2023-2024,2024,"Intersemesters, Breaks, Exams, & Winter Term","Spring Study Days, Final Exams, and Commencement",3,4
05/11/2024,Saturday,46,2023-2024,2024,"Intersemesters, Breaks, Exams, & Winter Term","Spring Study Days, Final Exams, and Commencement",1,1
05/12/2024,Sunday,47,2023-2024,2024,"Intersemesters, Breaks, Exams, & Winter Term","Spring Study Days, Final Exams, and Commencement",0,0
05/13/2024,Monday,47,2023-2024,2024,"Intersemesters, Breaks, Exams, & Winter Term","Spring Study Days, Final Exams, and Commencement",0,0
05/14/2024,Tuesday,47,2023-2024,2024,"Intersemesters, Breaks, Exams, & Winter Term","Spring Study Days, Final Exams, and Commencement",0,0
05/15/2024,Wednesday,47,2023-2024,2024,"Intersemesters, Breaks, Exams, & Winter Term","Spring Study Days, Final Exams, and Commencement",0,2
05/16/2024,Thursday,47,2023-2024,2024,"Intersemesters, Breaks, Exams, & Winter Term","Spring Study Days, Final Exams, and Commencement",0,0
05/17/2024,Friday,47,2023-2024,2024,"Intersemesters, Breaks, Exams, & Winter Term","Spring Study Days, Final Exams, and Commencement",2,2
05/18/2024,Saturday,47,2023-2024,2024,"Intersemesters, Breaks, Exams, & Winter Term","Spring Study Days, Final Exams, and Commencement",0,0
05/19/2024,Sunday,48,2023-2024,2024,"Intersemesters, Breaks, Exams, & Winter Term","Spring Study Days, Final Exams, and Commencement",0,0
05/20/2024,Monday,48,2023-2024,2024,"Intersemesters, Breaks, Exams, & Winter Term","Spring Study Days, Final Exams, and Commencement",0,0
05/21/2024,Tuesday,48,2023-2024,2024,"Intersemesters, Breaks, Exams, & Winter Term","Spring Study Days, Final Exams, and Commencement",1,0
05/22/2024,Wednesday,48,2023-2024,2024,"Intersemesters, Breaks, Exams, & Winter Term","Spring Study Days, Final Exams, and Commencement",0,0
05/23/2024,Thursday,48,2023-2024,2024,"Intersemesters, Breaks, Exams, & Winter Term",Spring-Summer Intersemester,2,0
05/24/2024,Friday,48,2023-2024,2024,"Intersemesters, Breaks, Exams, & Winter Term",Spring-Summer Intersemester,1,0
05/25/2024,Saturday,48,2023-2024,2024,"Intersemesters, Breaks, Exams, & Winter Term",Spring-Summer Intersemester,0,0
05/26/2024,Sunday,49,2023-2024,2024,"Intersemesters, Breaks, Exams, & Winter Term",Spring-Summer Intersemester,0,0
05/27/2024,Monday,49,2023-2024,2024,University-Observed Holiday,Spring-Summer Intersemester; University-Observed Holiday,1,0
05/28/2024,Tuesday,49,2023-2024,2024,"Intersemesters, Breaks, Exams, & Winter Term",Spring-Summer Intersemester,6,0
05/29/2024,Wednesday,49,2023-2024,2024,"Intersemesters, Breaks, Exams, & Winter Term",Spring-Summer Intersemester,0,0
05/30/2024,Thursday,49,2023-2024,2024,Summer Term,Summer Term,1,0
05/31/2024,Friday,49,2023-2024,2024,Summer Term,Summer Term,0,2
06/01/2024,Saturday,49,2023-2024,2024,Summer Term,Summer Term,0,2
06/02/2024,Sunday,50,2023-2024,2024,Summer Term,Summer Term,0,0
06/03/2024,Monday,50,2023-2024,2024,Summer Term,Summer Term,3,1
06/04/2024,Tuesday,50,2023-2024,2024,Summer Term,Summer Term,1,0
06/05/2024,Wednesday,50,2023-2024,2024,Summer Term,Summer Term,1,0
06/06/2024,Thursday,50,2023-2024,2024,Summer Term,Summer Term,1,0
06/07/2024,Friday,50,2023-2024,2024,Summer Term,Summer Term,0,2
06/08/2024,Saturday,50,2023-2024,2024,Summer Term,Summer Term,1,1
06/09/2024,Sunday,51,2023-2024,2024,Summer Term,Summer Term,0,0
06/10/2024,Monday,51,2023-2024,2024,Summer Term,Summer Term,2,1
06/11/2024,Tuesday,51,2023-2024,2024,Summer Term,Summer Term,0,0
06/12/2024,Wednesday,51,2023-2024,2024,Summer Term,Summer Term,0,3
06/13/2024,Thursday,51,2023-2024,2024,Summer Term,Summer Term,3,3
06/14/2024,Friday,51,2023-2024,2024,Summer Term,Summer Term,0,0
06/15/2024,Saturday,51,2023-2024,2024,Summer Term,Summer Term,0,0
06/16/2024,Sunday,52,2023-2024,2024,Summer Term,Summer Term,0,0
06/17/2024,Monday,52,2023-2024,2024,Summer Term,Summer Term,0,0
06/18/2024,Tuesday,52,2023-2024,2024,Summer Term,Summer Term,0,0
06/19/2024,Wednesday,52,2023-2024,2024,University-Observed Holiday,Summer Term; University-Observed Holiday,0,0
06/20/2024,Thursday,52,2023-2024,2024,Summer Term,Summer Term,0,0
06/21/2024,Friday,52,2023-2024,2024,Summer Term,Summer Term,0,0
06/22/2024,Saturday,52,2023-2024,2024,Summer Term,Summer Term,0,0
06/23/2024,Sunday,53,2023-2024,2024,Summer Term,Summer Term,0,0
06/24/2024,Monday,53,2023-2024,2024,Summer Term,Summer Term,0,0
06/25/2024,Tuesday,53,2023-2024,2024,Summer Term,Summer Term,0,0
06/26/2024,Wednesday,53,2023-2024,2024,Summer Term,Summer Term,2,1
06/27/2024,Thursday,53,2023-2024,2024,Summer Term,Summer Term,0,0
06/28/2024,Friday,53,2023-2024,2024,Summer Term,Summer Term,0,0
06/29/2024,Saturday,53,2023-2024,2024,Summer Term,Summer Term,0,0
06/30/2024,Sunday,1,2023-2024,2024,Summer Term,Summer Term,0,1
07/01/2024,Monday,1,2023-2024,2024,Summer Term,Summer Term,2,1
07/02/2024,Tuesday,1,2023-2024,2025,Summer Term,Summer Term,0,0
07/03/2024,Wednesday,1,2023-2024,2025,Summer Term,Summer Term,1,0
07/04/2024,Thursday,1,2023-2024,2025,University-Observed Holiday,Summer Term; University-Observed Holiday,0,0
07/05/2024,Friday,1,2023-2024,2025,Summer Term,Summer Term,0,0
07/06/2024,Saturday,1,2023-2024,2025,Summer Term,Summer Term,0,1
07/07/2024,Sunday,2,2023-2024,2025,Summer Term,Summer Term,0,0
07/08/2024,Monday,2,2023-2024,2025,Summer Term,Summer Term,4,1
07/09/2024,Tuesday,2,2023-2024,2025,Summer Term,Summer Term,0,1
07/10/2024,Wednesday,2,2023-2024,2025,Summer Term,Summer Term,0,0
07/11/2024,Thursday,2,2023-2024,2025,Summer Term,Summer Term,1,2
07/12/2024,Friday,2,2023-2024,2025,Summer Term,Summer Term,1,1
07/13/2024,Saturday,2,2023-2024,2025,Summer Term,Summer Term,0,0
07/14/2024,Sunday,3,2023-2024,2025,Summer Term,Summer Term,0,0
07/15/2024,Monday,3,2023-2024,2025,Summer Term,Summer Term,2,2
07/16/2024,Tuesday,3,2023-2024,2025,Summer Term,Summer Term,1,1
07/17/2024,Wednesday,3,2023-2024,2025,Summer Term,Summer Term,1,0
07/18/2024,Thursday,3,2023-2024,2025,Summer Term,Summer Term,1,0
07/19/2024,Friday,3,2023-2024,2025,Summer Term,Summer Term,2,2
07/20/2024,Saturday,3,2023-2024,2025,Summer Term,Summer Term,0,0
07/21/2024,Sunday,4,2023-2024,2025,Summer Term,Summer Term,0,0
07/22/2024,Monday,4,2023-2024,2025,Summer Term,Summer Term,1,2
07/23/2024,Tuesday,4,2023-2024,2025,Summer Term,Summer Term,2,0
07/24/2024,Wednesday,4,2023-2024,2025,Summer Term,Summer Term,1,3
07/25/2024,Thursday,4,2023-2024,2025,Summer Term,Summer Term,1,2
07/26/2024,Friday,4,2023-2024,2025,Summer Term,Summer Term,1,2
07/27/2024,Saturday,4,2023-2024,2025,Summer Term,Summer Term,0,0
07/28/2024,Sunday,5,2023-2024,2025,Summer Term,Summer Term,0,0
07/29/2024,Monday,5,2023-2024,2025,Summer Term,Summer Term,0,2
07/30/2024,Tuesday,5,2023-2024,2025,Summer Term,Summer Term,1,0
07/31/2024,Wednesday,5,2023-2024,2025,Summer Term,Summer Term,1,1
08/01/2024,Thursday,5,2023-2024,2025,Summer Term,Summer Term,1,1
08/02/2024,Friday,5,2023-2024,2025,Summer Term,Summer Term,0,1
08/03/2024,Saturday,5,2023-2024,2025,Summer Term,Summer Term,0,0
08/04/2024,Sunday,6,2023-2024,2025,Summer Term,Summer Term,1,0
08/05/2024,Monday,6,2023-2024,2025,Summer Term,Summer Term,1,1
08/06/2024,Tuesday,6,2023-2024,2025,Summer Term,Summer Term,0,1
08/07/2024,Wednesday,6,2023-2024,2025,Summer Term,Summer Term,0,1
08/08/2024,Thursday,6,2023-2024,2025,Summer Term,Summer Term,0,0
08/09/2024,Friday,6,2023-2024,2025,Summer Term,Summer Term,0,0
08/10/2024,Saturday,6,2023-2024,2025,Summer Term,Summer Term,0,0
08/11/2024,Sunday,7,2023-2024,2025,Summer Term,Summer Term,0,0
08/12/2024,Monday,7,2023-2024,2025,Summer Term,Summer Term,4,0
08/13/2024,Tuesday,7,2023-2024,2025,Summer Term,Summer Term,0,0
08/14/2024,Wednesday,7,2023-2024,2025,Summer Term,Summer Term,2,0
08/15/2024,Thursday,7,2023-2024,2025,Summer Term,Summer Term,0,2
08/16/2024,Friday,7,2023-2024,2025,Summer Term,Summer Term,0,7
08/17/2024,Saturday,7,2023-2024,2025,Summer Term,Summer Term,1,1
08/18/2024,Sunday,8,2024-2025,2025,Summer Term,Summer Term,0,0
08/19/2024,Monday,8,2024-2025,2025,"Intersemesters, Breaks, Exams, & Winter Term",Summer-Fall Intersemester,0,0
08/20/2024,Tuesday,8,2024-2025,2025,"Intersemesters, Breaks, Exams, & Winter Term",Summer-Fall Intersemester,0,0
08/21/2024,Wednesday,8,2024-2025,2025,"Intersemesters, Breaks, Exams, & Winter Term",Summer-Fall Intersemester,0,1
08/22/2024,Thursday,8,2024-2025,2025,"Intersemesters, Breaks, Exams, & Winter Term",Summer-Fall Intersemester,1,0
08/23/2024,Friday,8,2024-2025,2025,"Intersemesters, Breaks, Exams, & Winter Term",Summer-Fall Intersemester,0,0
08/24/2024,Saturday,8,2024-2025,2025,"Intersemesters, Breaks, Exams, & Winter Term",Summer-Fall Intersemester,0,0
08/25/2024,Sunday,9,2024-2025,2025,"Intersemesters, Breaks, Exams, & Winter Term",Summer-Fall Intersemester,0,1
08/26/2024,Monday,9,2024-2025,2025,Fall Semester,Fall Semester,0,0
08/27/2024,Tuesday,9,2024-2025,2025,Fall Semester,Fall Semester,0,0
08/28/2024,Wednesday,9,2024-2025,2025,Fall Semester,Fall Semester,0,0
08/29/2024,Thursday,9,2024-2025,2025,Fall Semester,Fall Semester,0,0
08/30/2024,Friday,9,2024-2025,2025,Fall Semester,Fall Semester,0,0
08/31/2024,Saturday,9,2024-2025,2025,Fall Semester,Fall Semester,0,0
09/01/2024,Sunday,10,2024-2025,2025,Fall Semester,Fall Semester,0,2
09/02/2024,Monday,10,2024-2025,2025,University-Observed Holiday,Fall Semester; University-Observed Holiday,0,0
09/03/2024,Tuesday,10,2024-2025,2025,Fall Semester,Fall Semester,0,1
09/04/2024,Wednesday,10,2024-2025,2025,Fall Semester,Fall Semester,1,1
09/05/2024,Thursday,10,2024-2025,2025,Fall Semester,Fall Semester,0,0
09/06/2024,Friday,10,2024-2025,2025,Fall Semester,Fall Semester,0,0
09/07/2024,Saturday,10,2024-2025,2025,Fall Semester,Fall Semester,0,0
09/08/2024,Sunday,11,2024-2025,2025,Fall Semester,Fall Semester,0,0
09/09/2024,Monday,11,2024-2025,2025,Fall Semester,Fall Semester,1,0
09/10/2024,Tuesday,11,2024-2025,2025,Fall Semester,Fall Semester,0,1
09/11/2024,Wednesday,11,2024-2025,2025,Fall Semester,Fall Semester,0,0
09/12/2024,Thursday,11,2024-2025,2025,Fall Semester,Fall Semester,0,0
09/13/2024,Friday,11,2024-2025,2025,Fall Semester,Fall Semester,0,0
09/14/2024,Saturday,11,2024-2025,2025,Fall Semester,Fall Semester,0,0
09/15/2024,Sunday,12,2024-2025,2025,Fall Semester,Fall Semester,0,0
09/16/2024,Monday,12,2024-2025,2025,Fall Semester,Fall Semester,0,0
09/17/2024,Tuesday,12,2024-2025,2025,Fall Semester,Fall Semester,0,0
09/18/2024,Wednesday,12,2024-2025,2025,Fall Semester,Fall Semester,0,0
09/19/2024,Thursday,12,2024-2025,2025,Fall Semester,Fall Semester,0,0
09/20/2024,Friday,12,2024-2025,2025,Fall Semester,Fall Semester,0,0
09/21/2024,Saturday,12,2024-2025,2025,Fall Semester,Fall Semester,0,0
09/22/2024,Sunday,13,2024-2025,2025,Fall Semester,Fall Semester,0,0
09/23/2024,Monday,13,2024-2025,2025,Fall Semester,Fall Semester,0,0
09/24/2024,Tuesday,13,2024-2025,2025,Fall Semester,Fall Semester,0,0
09/25/2024,Wednesday,13,2024-2025,2025,Fall Semester,Fall Semester,0,0
09/26/2024,Thursday,13,2024-2025,2025,Fall Semester,Fall Semester,0,0
09/27/2024,Friday,13,2024-2025,2025,Fall Semester,Fall Semester,0,0
09/28/2024,Saturday,13,2024-2025,2025,Fall Semester,Fall Semester,0,0
09/29/2024,Sunday,14,2024-2025,2025,Fall Semester,Fall Semester,0,0
09/30/2024,Monday,14,2024-2025,2025,Fall Semester,Fall Semester,0,0
10/01/2024,Tuesday,14,2024-2025,2025,Fall Semester,Fall Semester,0,0
10/02/2024,Wednesday,14,2024-2025,2025,Fall Semester,Fall Semester,0,0
10/03/2024,Thursday,14,2024-2025,2025,Fall Semester,Fall Semester,0,0
10/04/2024,Friday,14,2024-2025,2025,Fall Semester,Fall Semester,0,0
10/05/2024,Saturday,14,2024-2025,2025,Fall Semester,Fall Semester,0,0
10/06/2024,Sunday,15,2024-2025,2025,Fall Semester,Fall Semester,0,0
10/07/2024,Monday,15,2024-2025,2025,Fall Semester,Fall Semester,0,0
10/08/2024,Tuesday,15,2024-2025,2025,Fall Semester,Fall Semester,0,0
10/09/2024,Wednesday,15,2024-2025,2025,Fall Semester,Fall Semester,0,0
10/10/2024,Thursday,15,2024-2025,2025,Fall Semester,Fall Semester,0,0
10/11/2024,Friday,15,2024-2025,2025,Fall Semester,Fall Semester,0,0
10/12/2024,Saturday,15,2024-2025,2025,Fall Semester,Fall Semester,0,0
10/13/2024,Sunday,16,2024-2025,2025,Fall Semester,Fall Semester,0,0
10/14/2024,Monday,16,2024-2025,2025,Fall Semester,Fall Semester,1,1
10/15/2024,Tuesday,16,2024-2025,2025,Fall Semester,Fall Semester,2,2
10/16/2024,Wednesday,16,2024-2025,2025,Fall Semester,Fall Semester,1,1
10/17/2024,Thursday,16,2024-2025,2025,Fall Semester,Fall Semester,3,3
10/18/2024,Friday,16,2024-2025,2025,Fall Semester,Fall Semester,13,13
10/19/2024,Saturday,16,2024-2025,2025,Fall Semester,Fall Semester,1,1
10/20/2024,Sunday,17,2024-2025,2025,Fall Semester,Fall Semester,0,0
10/21/2024,Monday,17,2024-2025,2025,Fall Semester,Fall Semester,4,2
10/22/2024,Tuesday,17,2024-2025,2025,Fall Semester,Fall Semester,1,1
10/23/2024,Wednesday,17,2024-2025,2025,Fall Semester,Fall Semester,6,4
10/24/2024,Thursday,17,2024-2025,2025,Fall Semester,Fall Semester,1,2
10/25/2024,Friday,17,2024-2025,2025,Fall Semester,Fall Semester,4,3
10/26/2024,Saturday,17,2024-2025,2025,Fall Semester,Fall Semester,3,2
10/27/2024,Sunday,18,2024-2025,2025,Fall Semester,Fall Semester,0,2
10/28/2024,Monday,18,2024-2025,2025,Fall Semester,Fall Semester,2,2
10/29/2024,Tuesday,18,2024-2025,2025,Fall Semester,Fall Semester,0,0
10/30/2024,Wednesday,18,2024-2025,2025,Fall Semester,Fall Semester,2,2
10/31/2024,Thursday,18,2024-2025,2025,Fall Semester,Fall Semester,3,3
11/01/2024,Friday,18,2024-2025,2025,Fall Semester,Fall Semester,0,1
11/02/2024,Saturday,18,2024-2025,2025,Fall Semester,Fall Semester,0,0
11/03/2024,Sunday,19,2024-2025,2025,Fall Semester,Fall Semester,1,1
11/04/2024,Monday,19,2024-2025,2025,Fall Semester,Fall Semester,7,3
11/05/2024,Tuesday,19,2024-2025,2025,Fall Semester,Fall Semester,0,0
11/06/2024,Wednesday,19,2024-2025,2025,Fall Semester,Fall Semester,0,2
11/07/2024,Thursday,19,2024-2025,2025,Fall Semester,Fall Semester,2,2
11/08/2024,Friday,19,2024-2025,2025,Fall Semester,Fall Semester,4,6
11/09/2024,Saturday,19,2024-2025,2025,Fall Semester,Fall Semester,0,0
11/10/2024,Sunday,20,2024-2025,2025,Fall Semester,Fall Semester,0,0
11/11/2024,Monday,20,2024-2025,2025,Fall Semester,Fall Semester,6,4
11/12/2024,Tuesday,20,2024-2025,2025,Fall Semester,Fall Semester,1,0
11/13/2024,Wednesday,20,2024-2025,2025,Fall Semester,Fall Semester,1,3
11/14/2024,Thursday,20,2024-2025,2025,Fall Semester,Fall Semester,0,0
11/15/2024,Friday,20,2024-2025,2025,Fall Semester,Fall Semester,4,4
11/16/2024,Saturday,20,2024-2025,2025,Fall Semester,Fall Semester,2,3
11/17/2024,Sunday,21,2024-2025,2025,Fall Semester,Fall Semester,0,0
11/18/2024,Monday,21,2024-2025,2025,Fall Semester,Fall Semester,0,0
11/19/2024,Tuesday,21,2024-2025,2025,Fall Semester,Fall Semester,1,1
11/20/2024,Wednesday,21,2024-2025,2025,Fall Semester,Fall Semester,0,0
11/21/2024,Thursday,21,2024-2025,2025,Fall Semester,Fall Semester,0,0
11/22/2024,Friday,21,2024-2025,2025,Fall Semester,Fall Semester,1,1
11/23/2024,Saturday,21,2024-2025,2025,Fall Semester,Fall Semester,0,0
11/24/2024,Sunday,22,2024-2025,2025,Fall Semester,Fall Semester,1,0
11/25/2024,Monday,22,2024-2025,2025,Fall Semester,Fall Semester,0,0
11/26/2024,Tuesday,22,2024-2025,2025,Fall Semester,Fall Semester,2,1
11/27/2024,Wednesday,22,2024-2025,2025,"Intersemesters, Breaks, Exams, & Winter Term",Thanksgiving Break,1,1
11/28/2024,Thursday,22,2024-2025,2025,University-Observed Holiday,Thanksgiving Break; University-Observed Holiday,0,0
11/29/2024,Friday,22,2024-2025,2025,University-Observed Holiday,Thanksgiving Break; University-Observed Holiday,1,1
11/30/2024,Saturday,22,2024-2025,2025,"Intersemesters, Breaks, Exams, & Winter Term",Thanksgiving Break,0,1
12/01/2024,Sunday,23,2024-2025,2025,Fall Semester,Fall Semester,1,1
12/02/2024,Monday,23,2024-2025,2025,Fall Semester,Fall Semester,1,1
12/03/2024,Tuesday,23,2024-2025,2025,Fall Semester,Fall Semester,1,1
12/04/2024,Wednesday,23,2024-2025,2025,Fall Semester,Fall Semester,2,2
12/05/2024,Thursday,23,2024-2025,2025,Fall Semester,Fall Semester,1,0
12/06/2024,Friday,23,2024-2025,2025,Fall Semester,Fall Semester,4,5
12/07/2024,Saturday,23,2024-2025,2025,Fall Semester,Fall Semester,0,0
12/08/2024,Sunday,24,2024-2025,2025,Fall Semester,Fall Semester,0,1
12/09/2024,Monday,24,2024-2025,2025,Fall Semester,Fall Semester,1,1
12/10/2024,Tuesday,24,2024-2025,2025,"Intersemesters, Breaks, Exams, & Winter Term","Fall Study Days, Final Exams, & Commencement",5,1
12/11/2024,Wednesday,24,2024-2025,2025,"Intersemesters, Breaks, Exams, & Winter Term","Fall Study Days, Final Exams, & Commencement",1,1
12/12/2024,Thursday,24,2024-2025,2025,"Intersemesters, Breaks, Exams, & Winter Term","Fall Study Days, Final Exams, & Commencement",1,0
12/13/2024,Friday,24,2024-2025,2025,"Intersemesters, Breaks, Exams, & Winter Term","Fall Study Days, Final Exams, & Commencement",1,1
12/14/2024,Saturday,24,2024-2025,2025,"Intersemesters, Breaks, Exams, & Winter Term","Fall Study Days, Final Exams, & Commencement",1,1
12/15/2024,Sunday,25,2024-2025,2025,"Intersemesters, Breaks, Exams, & Winter Term","Fall Study Days, Final Exams, & Commencement",0,1
12/16/2024,Monday,25,2024-2025,2025,"Intersemesters, Breaks, Exams, & Winter Term","Fall Study Days, Final Exams, & Commencement",3,1
12/17/2024,Tuesday,25,2024-2025,2025,"Intersemesters, Breaks, Exams, & Winter Term","Fall Study Days, Final Exams, & Commencement",1,1
12/18/2024,Wednesday,25,2024-2025,2025,"Intersemesters, Breaks, Exams, & Winter Term",Winter Break,3,4
12/19/2024,Thursday,25,2024-2025,2025,"Intersemesters, Breaks, Exams, & Winter Term",Winter Break,6,6
12/20/2024,Friday,25,2024-2025,2025,"Intersemesters, Breaks, Exams, & Winter Term",Winter Break,0,2
12/21/2024,Saturday,25,2024-2025,2025,"Intersemesters, Breaks, Exams, & Winter Term",Winter Break,0,0
12/22/2024,Sunday,26,2024-2025,2025,"Intersemesters, Breaks, Exams, & Winter Term",Winter Break,0,0
12/23/2024,Monday,26,2024-2025,2025,"Intersemesters, Breaks, Exams, & Winter Term",Winter Break,0,0
12/24/2024,Tuesday,26,2024-2025,2025,University-Observed Holiday,Winter Break; University-Observed Holiday,0,0
12/25/2024,Wednesday,26,2024-2025,2025,University-Observed Holiday,Winter Break; University-Observed Holiday,0,0
12/26/2024,Thursday,26,2024-2025,2025,University-Observed Holiday,Winter Break; University-Observed Holiday,0,0
12/27/2024,Friday,26,2024-2025,2025,University-Observed Holiday,Winter Break; University-Observed Holiday,0,0
12/28/2024,Saturday,26,2024-2025,2025,"Intersemesters, Breaks, Exams, & Winter Term",Winter Break,0,0
12/29/2024,Sunday,27,2024-2025,2025,"Intersemesters, Breaks, Exams, & Winter Term",Winter Break,0,0
12/30/2024,Monday,27,2024-2025,2025,University-Observed Holiday,Winter Break; University-Observed Holiday,0,0
12/31/2024,Tuesday,27,2024-2025,2025,University-Observed Holiday,Winter Break; University-Observed Holiday,0,0
01/01/2025,Wednesday,27,2024-2025,2025,University-Observed Holiday,Winter Break; University-Observed Holiday,0,0
01/02/2025,Thursday,27,2024-2025,2025,"Intersemesters, Breaks, Exams, & Winter Term",Winter Term,0,0
01/03/2025,Friday,27,2024-2025,2025,"Intersemesters, Breaks, Exams, & Winter Term",Winter Term,0,0
01/04/2025,Saturday,27,2024-2025,2025,"Intersemesters, Breaks, Exams, & Winter Term",Winter Term,0,0
01/05/2025,Sunday,28,2024-2025,2025,"Intersemesters, Breaks, Exams, & Winter Term",Winter Term,0,0
01/06/2025,Monday,28,2024-2025,2025,"Intersemesters, Breaks, Exams, & Winter Term",Winter Term,0,0
01/07/2025,Tuesday,28,2024-2025,2025,"Intersemesters, Breaks, Exams, & Winter Term",Winter Term,1,0
01/08/2025,Wednesday,28,2024-2025,2025,"Intersemesters, Breaks, Exams, & Winter Term",Winter Term,3,0
01/09/2025,Thursday,28,2024-2025,2025,"Intersemesters, Breaks, Exams, & Winter Term",Winter Term,0,0
01/10/2025,Friday,28,2024-2025,2025,"Intersemesters, Breaks, Exams, & Winter Term",Winter Term,2,1
01/11/2025,Saturday,28,2024-2025,2025,"Intersemesters, Breaks, Exams, & Winter Term",Winter Term,0,2
01/12/2025,Sunday,29,2024-2025,2025,"Intersemesters, Breaks, Exams, & Winter Term",Winter Term,0,0
01/13/2025,Monday,29,2024-2025,2025,"Intersemesters, Breaks, Exams, & Winter Term",Winter Term,0,0
01/14/2025,Tuesday,29,2024-2025,2025,"Intersemesters, Breaks, Exams, & Winter Term",Winter Term,2,1
01/15/2025,Wednesday,29,2024-2025,2025,"Intersemesters, Breaks, Exams, & Winter Term",Winter Term,1,2
01/16/2025,Thursday,29,2024-2025,2025,"Intersemesters, Breaks, Exams, & Winter Term",Winter Term,1,0
01/17/2025,Friday,29,2024-2025,2025,"Intersemesters, Breaks, Exams, & Winter Term",Winter Term,1,3
01/18/2025,Saturday,29,2024-2025,2025,"Intersemesters, Breaks, Exams, & Winter Term",Winter Term,1,1
01/19/2025,Sunday,30,2024-2025,2025,"Intersemesters, Breaks, Exams, & Winter Term",Winter Term,0,1
01/20/2025,Monday,30,2024-2025,2025,University-Observed Holiday,Winter Term; University-Observed Holiday,3,3
01/21/2025,Tuesday,30,2024-2025,2025,"Intersemesters, Breaks, Exams, & Winter Term",Winter Term,0,1
01/22/2025,Wednesday,30,2024-2025,2025,"Intersemesters, Breaks, Exams, & Winter Term",Winter Term,1,1
01/23/2025,Thursday,30,2024-2025,2025,"Intersemesters, Breaks, Exams, & Winter Term",Winter Term,0,0
01/24/2025,Friday,30,2024-2025,2025,"Intersemesters, Breaks, Exams, & Winter Term",Winter Term,3,3
01/25/2025,Saturday,30,2024-2025,2025,"Intersemesters, Breaks, Exams, & Winter Term",Winter Term,1,1
01/26/2025,Sunday,31,2024-2025,2025,"Intersemesters, Breaks, Exams, & Winter Term",Winter Term,0,1
01/27/2025,Monday,31,2024-2025,2025,Spring Semester,Spring Semester,0,0
01/28/2025,Tuesday,31,2024-2025,2025,Spring Semester,Spring Semester,3,3
01/29/2025,Wednesday,31,2024-2025,2025,Spring Semester,Spring Semester,2,0
01/30/2025,Thursday,31,2024-2025,2025,Spring Semester,Spring Semester,1,1
01/31/2025,Friday,31,2024-2025,2025,Spring Semester,Spring Semester,3,1
02/01/2025,Saturday,31,2024-2025,2025,Spring Semester,Spring Semester,0,2
02/02/2025,Sunday,32,2024-2025,2025,Spring Semester,Spring Semester,0,0
02/03/2025,Monday,32,2024-2025,2025,Spring Semester,Spring Semester,1,0
02/04/2025,Tuesday,32,2024-2025,2025,Spring Semester,Spring Semester,1,1
02/05/2025,Wednesday,32,2024-2025,2025,Spring Semester,Spring Semester,0,0
02/06/2025,Thursday,32,2024-2025,2025,Spring Semester,Spring Semester,0,0
02/07/2025,Friday,32,2024-2025,2025,Spring Semester,Spring Semester,1,2
02/08/2025,Saturday,32,2024-2025,2025,Spring Semester,Spring Semester,0,0
02/09/2025,Sunday,33,2024-2025,2025,Spring Semester,Spring Semester,0,1
02/10/2025,Monday,33,2024-2025,2025,Spring Semester,Spring Semester,2,2
02/11/2025,Tuesday,33,2024-2025,2025,Spring Semester,Spring Semester,1,1
02/12/2025,Wednesday,33,2024-2025,2025,Spring Semester,Spring Semester,2,2
02/13/2025,Thursday,33,2024-2025,2025,Spring Semester,Spring Semester,1,1
02/14/2025,Friday,33,2024-2025,2025,Spring Semester,Spring Semester,2,2
02/15/2025,Saturday,33,2024-2025,2025,Spring Semester,Spring Semester,0,1
02/16/2025,Sunday,34,2024-2025,2025,Spring Semester,Spring Semester,0,0
02/17/2025,Monday,34,2024-2025,2025,Spring Semester,Spring Semester,1,1
02/18/2025,Tuesday,34,2024-2025,2025,Spring Semester,Spring Semester,0,0
02/19/2025,Wednesday,34,2024-2025,2025,Spring Semester,Spring Semester,2,2
02/20/2025,Thursday,34,2024-2025,2025,Spring Semester,Spring Semester,0,0
02/21/2025,Friday,34,2024-2025,2025,Spring Semester,Spring Semester,1,1
02/22/2025,Saturday,34,2024-2025,2025,Spring Semester,Spring Semester,0,0
02/23/2025,Sunday,35,2024-2025,2025,Spring Semester,Spring Semester,0,0
02/24/2025,Monday,35,2024-2025,2025,Spring Semester,Spring Semester,2,1
02/25/2025,Tuesday,35,2024-2025,2025,Spring Semester,Spring Semester,1,1
02/26/2025,Wednesday,35,2024-2025,2025,Spring Semester,Spring Semester,2,0
02/27/2025,Thursday,35,2024-2025,2025,Spring Semester,Spring Semester,0,1
02/28/2025,Friday,35,2024-2025,2025,Spring Semester,Spring Semester,0,2
03/01/2025,Saturday,35,2024-2025,2025,Spring Semester,Spring Semester,0,5
03/02/2025,Sunday,36,2024-2025,2025,Spring Semester,Spring Semester,0,0
03/03/2025,Monday,36,2024-2025,2025,Spring Semester,Spring Semester,1,0
03/04/2025,Tuesday,36,2024-2025,2025,Spring Semester,Spring Semester,0,0
03/05/2025,Wednesday,36,2024-2025,2025,Spring Semester,Spring Semester,1,1
03/06/2025,Thursday,36,2024-2025,2025,Spring Semester,Spring Semester,1,1
03/07/2025,Friday,36,2024-2025,2025,Spring Semester,Spring Semester,2,3
03/08/2025,Saturday,36,2024-2025,2025,Spring Semester,Spring Semester,0,0
03/09/2025,Sunday,37,2024-2025,2025,Spring Semester,Spring Semester,0,0
03/10/2025,Monday,37,2024-2025,2025,Spring Semester,Spring Semester,2,2
03/11/2025,Tuesday,37,2024-2025,2025,Spring Semester,Spring Semester,0,0
03/12/2025,Wednesday,37,2024-2025,2025,Spring Semester,Spring Semester,0,0
03/13/2025,Thursday,37,2024-2025,2025,Spring Semester,Spring Semester,0,0
03/14/2025,Friday,37,2024-2025,2025,Spring Semester,Spring Semester,1,1
03/15/2025,Saturday,37,2024-2025,2025,Spring Semester,Spring Semester,0,0
03/16/2025,Sunday,38,2024-2025,2025,"Intersemesters, Breaks, Exams, & Winter Term",Spring Break,0,0
03/17/2025,Monday,38,2024-2025,2025,University-Observed Holiday,Spring Break; University-Observed Holiday,0,0
03/18/2025,Tuesday,38,2024-2025,2025,University-Observed Holiday,Spring Break; University-Observed Holiday,0,0
03/19/2025,Wednesday,38,2024-2025,2025,"Intersemesters, Breaks, Exams, & Winter Term",Spring Break,0,0
03/20/2025,Thursday,38,2024-2025,2025,"Intersemesters, Breaks, Exams, & Winter Term",Spring Break,0,0
03/21/2025,Friday,38,2024-2025,2025,"Intersemesters, Breaks, Exams, & Winter Term",Spring Break,0,0
03/22/2025,Saturday,38,2024-2025,2025,"Intersemesters, Breaks, Exams, & Winter Term",Spring Break,0,0
03/23/2025,Sunday,39,2024-2025,2025,"Intersemesters, Breaks, Exams, & Winter Term",Spring Break,1,1
03/24/2025,Monday,39,2024-2025,2025,Spring Semester,Spring Semester,0,0
03/25/2025,Tuesday,39,2024-2025,2025,Spring Semester,Spring Semester,0,0
03/26/2025,Wednesday,39,2024-2025,2025,Spring Semester,Spring Semester,0,0
03/27/2025,Thursday,39,2024-2025,2025,Spring Semester,Spring Semester,0,0
03/28/2025,Friday,39,2024-2025,2025,Spring Semester,Spring Semester,0,0
03/29/2025,Saturday,39,2024-2025,2025,Spring Semester,Spring Semester,0,0
03/30/2025,Sunday,40,2024-2025,2025,Spring Semester,Spring Semester,0,0
03/31/2025,Monday,40,2024-2025,2025,Spring Semester,Spring Semester,0,0
04/01/2025,Tuesday,40,2024-2025,2025,Spring Semester,Spring Semester,0,0
04/02/2025,Wednesday,40,2024-2025,2025,Spring Semester,Spring Semester,0,0
04/03/2025,Thursday,40,2024-2025,2025,Spring Semester,Spring Semester,0,0
04/04/2025,Friday,40,2024-2025,2025,Spring Semester,Spring Semester,1,1
04/05/2025,Saturday,40,2024-2025,2025,Spring Semester,Spring Semester,0,0
04/06/2025,Sunday,41,2024-2025,2025,Spring Semester,Spring Semester,0,0
04/07/2025,Monday,41,2024-2025,2025,Spring Semester,Spring Semester,0,0
04/08/2025,Tuesday,41,2024-2025,2025,Spring Semester,Spring Semester,0,0
04/09/2025,Wednesday,41,2024-2025,2025,Spring Semester,Spring Semester,0,0
04/10/2025,Thursday,41,2024-2025,2025,Spring Semester,Spring Semester,0,0
04/11/2025,Friday,41,2024-2025,2025,Spring Semester,Spring Semester,0,0
04/12/2025,Saturday,41,2024-2025,2025,Spring Semester,Spring Semester,0,0
04/13/2025,Sunday,42,2024-2025,2025,Spring Semester,Spring Semester,0,0
04/14/2025,Monday,42,2024-2025,2025,Spring Semester,Spring Semester,0,0
04/15/2025,Tuesday,42,2024-2025,2025,Spring Semester,Spring Semester,0,0
04/16/2025,Wednesday,42,2024-2025,2025,Spring Semester,Spring Semester,0,0
04/17/2025,Thursday,42,2024-2025,2025,Spring Semester,Spring Semester,0,0
04/18/2025,Friday,42,2024-2025,2025,Spring Semester,Spring Semester,0,0
04/19/2025,Saturday,42,2024-2025,2025,Spring Semester,Spring Semester,0,0
04/20/2025,Sunday,43,2024-2025,2025,Spring Semester,Spring Semester,0,0
04/21/2025,Monday,43,2024-2025,2025,Spring Semester,Spring Semester,0,0
04/22/2025,Tuesday,43,2024-2025,2025,Spring Semester,Spring Semester,0,0
04/23/2025,Wednesday,43,2024-2025,2025,Spring Semester,Spring Semester,0,0
04/24/2025,Thursday,43,2024-2025,2025,Spring Semester,Spring Semester,1,1
04/25/2025,Friday,43,2024-2025,2025,Spring Semester,Spring Semester,0,0
04/26/2025,Saturday,43,2024-2025,2025,Spring Semester,Spring Semester,0,0
04/27/2025,Sunday,44,2024-2025,2025,Spring Semester,Spring Semester,0,0
04/28/2025,Monday,44,2024-2025,2025,Spring Semester,Spring Semester,0,0
04/29/2025,Tuesday,44,2024-2025,2025,Spring Semester,Spring Semester,0,0
04/30/2025,Wednesday,44,2024-2025,2025,Spring Semester,Spring Semester,0,0
05/01/2025,Thursday,44,2024-2025,2025,Spring Semester,Spring Semester,2,0
05/02/2025,Friday,44,2024-2025,2025,Spring Semester,Spring Semester,0,2
05/03/2025,Saturday,44,2024-2025,2025,Spring Semester,Spring Semester,0,0
05/04/2025,Sunday,45,2024-2025,2025,Spring Semester,Spring Semester,0,0
05/05/2025,Monday,45,2024-2025,2025,Spring Semester,Spring Semester,0,0
05/06/2025,Tuesday,45,2024-2025,2025,Spring Semester,Spring Semester,0,0
05/07/2025,Wednesday,45,2024-2025,2025,Spring Semester,Spring Semester,0,0
05/08/2025,Thursday,45,2024-2025,2025,Spring Semester,Spring Semester,0,0
05/09/2025,Friday,45,2024-2025,2025,Spring Semester,Spring Semester,0,0
05/10/2025,Saturday,45,2024-2025,2025,Spring Semester,Spring Semester,0,0
05/11/2025,Sunday,46,2024-2025,2025,Spring Semester,Spring Semester,0,0
05/12/2025,Monday,46,2024-2025,2025,Spring Semester,Spring Semester,0,0
05/13/2025,Tuesday,46,2024-2025,2025,Spring Semester,Spring Semester,0,0
05/14/2025,Wednesday,46,2024-2025,2025,"Intersemesters, Breaks, Exams, & Winter Term","Spring Study Days, Final Exams, and Commencement",0,0
05/15/2025,Thursday,46,2024-2025,2025,"Intersemesters, Breaks, Exams, & Winter Term","Spring Study Days, Final Exams, and Commencement",0,0
05/16/2025,Friday,46,2024-2025,2025,"Intersemesters, Breaks, Exams, & Winter Term","Spring Study Days, Final Exams, and Commencement",0,0
05/17/2025,Saturday,46,2024-2025,2025,"Intersemesters, Breaks, Exams, & Winter Term","Spring Study Days, Final Exams, and Commencement",0,0
05/18/2025,Sunday,47,2024-2025,2025,"Intersemesters, Breaks, Exams, & Winter Term","Spring Study Days, Final Exams, and Commencement",0,0
05/19/2025,Monday,47,2024-2025,2025,"Intersemesters, Breaks, Exams, & Winter Term","Spring Study Days, Final Exams, and Commencement",0,0
05/20/2025,Tuesday,47,2024-2025,2025,"Intersemesters, Breaks, Exams, & Winter Term","Spring Study Days, Final Exams, and Commencement",0,0
05/21/2025,Wednesday,47,2024-2025,2025,"Intersemesters, Breaks, Exams, & Winter Term","Spring Study Days, Final Exams, and Commencement",0,0
05/22/2025,Thursday,47,2024-2025,2025,"Intersemesters, Breaks, Exams, & Winter Term","Spring Study Days, Final Exams, and Commencement",0,0
05/23/2025,Friday,47,2024-2025,2025,"Intersemesters, Breaks, Exams, & Winter Term","Spring Study Days, Final Exams, and Commencement",0,0
05/24/2025,Saturday,47,2024-2025,2025,"Intersemesters, Breaks, Exams, & Winter Term",Spring-Summer Intersemester,0,0
05/25/2025,Sunday,48,2024-2025,2025,"Intersemesters, Breaks, Exams, & Winter Term",Spring-Summer Intersemester,0,0
05/26/2025,Monday,48,2024-2025,2025,University-Observed Holiday,Spring-Summer Intersemester; University-Observed Holiday,0,0
05/27/2025,Tuesday,48,2024-2025,2025,"Intersemesters, Breaks, Exams, & Winter Term",Spring-Summer Intersemester,0,0
05/28/2025,Wednesday,48,2024-2025,2025,"Intersemesters, Breaks, Exams, & Winter Term",Spring-Summer Intersemester,0,0
05/29/2025,Thursday,48,2024-2025,2025,"Intersemesters, Breaks, Exams, & Winter Term",Spring-Summer Intersemester,0,0
05/30/2025,Friday,48,2024-2025,2025,"Intersemesters, Breaks, Exams, & Winter Term",Spring-Summer Intersemester,0,0
05/31/2025,Saturday,48,2024-2025,2025,"Intersemesters, Breaks, Exams, & Winter Term",Spring-Summer Intersemester,0,0
06/01/2025,Sunday,49,2024-2025,2025,"Intersemesters, Breaks, Exams, & Winter Term",Spring-Summer Intersemester,0,1
06/02/2025,Monday,49,2024-2025,2025,Summer Term,Summer Term,0,0
06/03/2025,Tuesday,49,2024-2025,2025,Summer Term,Summer Term,0,0
06/04/2025,Wednesday,49,2024-2025,2025,Summer Term,Summer Term,0,0
06/05/2025,Thursday,49,2024-2025,2025,Summer Term,Summer Term,0,0
06/06/2025,Friday,49,2024-2025,2025,Summer Term,Summer Term,0,0
06/07/2025,Saturday,49,2024-2025,2025,Summer Term,Summer Term,0,0
06/08/2025,Sunday,50,2024-2025,2025,Summer Term,Summer Term,0,0
06/09/2025,Monday,50,2024-2025,2025,Summer Term,Summer Term,0,0
06/10/2025,Tuesday,50,2024-2025,2025,Summer Term,Summer Term,0,0
06/11/2025,Wednesday,50,2024-2025,2025,Summer Term,Summer Term,0,0
06/12/2025,Thursday,50,2024-2025,2025,Summer Term,Summer Term,0,0
06/13/2025,Friday,50,2024-2025,2025,Summer Term,Summer Term,0,0
06/14/2025,Saturday,50,2024-2025,2025,Summer Term,Summer Term,0,0
06/15/2025,Sunday,51,2024-2025,2025,Summer Term,Summer Term,0,0
06/16/2025,Monday,51,2024-2025,2025,Summer Term,Summer Term,0,0
06/17/2025,Tuesday,51,2024-2025,2025,Summer Term,Summer Term,0,0
06/18/2025,Wednesday,51,2024-2025,2025,Summer Term,Summer Term,0,0
06/19/2025,Thursday,51,2024-2025,2025,University-Observed Holiday,Summer Term; University-Observed Holiday,0,0
06/20/2025,Friday,51,2024-2025,2025,Summer Term,Summer Term,0,0
06/21/2025,Saturday,51,2024-2025,2025,Summer Term,Summer Term,0,0
06/22/2025,Sunday,52,2024-2025,2025,Summer Term,Summer Term,0,0
06/23/2025,Monday,52,2024-2025,2025,Summer Term,Summer Term,0,0
06/24/2025,Tuesday,52,2024-2025,2025,Summer Term,Summer Term,0,0
06/25/2025,Wednesday,52,2024-2025,2025,Summer Term,Summer Term,0,0
06/26/2025,Thursday,52,2024-2025,2025,Summer Term,Summer Term,0,0
06/27/2025,Friday,52,2024-2025,2025,Summer Term,Summer Term,0,0
06/28/2025,Saturday,52,2024-2025,2025,Summer Term,Summer Term,0,0
06/29/2025,Sunday,1,2024-2025,2025,Summer Term,Summer Term,0,0
06/30/2025,Monday,1,2024-2025,2025,Summer Term,Summer Term,0,0
07/01/2025,Tuesday,1,2024-2025,2025,Summer Term,Summer Term,0,0
07/02/2025,Wednesday,1,2024-2025,2025,Summer Term,Summer Term,0,0
07/03/2025,Thursday,1,2024-2025,2025,Summer Term,Summer Term,0,0
07/04/2025,Friday,1,2024-2025,2025,University-Observed Holiday,Summer Term; University-Observed Holiday,0,0
07/05/2025,Saturday,1,2024-2025,2025,Summer Term,Summer Term,0,0
07/06/2025,Sunday,2,2024-2025,2025,Summer Term,Summer Term,0,0
07/07/2025,Monday,2,2024-2025,2025,Summer Term,Summer Term,0,0
07/08/2025,Tuesday,2,2024-2025,2025,Summer Term,Summer Term,0,0
07/09/2025,Wednesday,2,2024-2025,2025,Summer Term,Summer Term,0,0
07/10/2025,Thursday,2,2024-2025,2025,Summer Term,Summer Term,0,0
07/11/2025,Friday,2,2024-2025,2025,Summer Term,Summer Term,0,0
07/12/2025,Saturday,2,2024-2025,2025,Summer Term,Summer Term,0,0
07/13/2025,Sunday,3,2024-2025,2025,Summer Term,Summer Term,0,0
07/14/2025,Monday,3,2024-2025,2025,Summer Term,Summer Term,0,0
07/15/2025,Tuesday,3,2024-2025,2025,Summer Term,Summer Term,0,0
07/16/2025,Wednesday,3,2024-2025,2025,Summer Term,Summer Term,0,0
07/17/2025,Thursday,3,2024-2025,2025,Summer Term,Summer Term,0,0
07/18/2025,Friday,3,2024-2025,2025,Summer Term,Summer Term,0,0
07/19/2025,Saturday,3,2024-2025,2025,Summer Term,Summer Term,0,0
07/20/2025,Sunday,4,2024-2025,2025,Summer Term,Summer Term,0,0
07/21/2025,Monday,4,2024-2025,2025,Summer Term,Summer Term,0,0
07/22/2025,Tuesday,4,2024-2025,2025,Summer Term,Summer Term,0,0
07/23/2025,Wednesday,4,2024-2025,2025,Summer Term,Summer Term,0,0
07/24/2025,Thursday,4,2024-2025,2025,Summer Term,Summer Term,0,0
07/25/2025,Friday,4,2024-2025,2025,Summer Term,Summer Term,0,0
07/26/2025,Saturday,4,2024-2025,2025,Summer Term,Summer Term,0,0
07/27/2025,Sunday,5,2024-2025,2025,Summer Term,Summer Term,0,0
07/28/2025,Monday,5,2024-2025,2025,Summer Term,Summer Term,0,0
07/29/2025,Tuesday,5,2024-2025,2025,Summer Term,Summer Term,0,0
07/30/2025,Wednesday,5,2024-2025,2025,Summer Term,Summer Term,0,0
07/31/2025,Thursday,5,2024-2025,2025,Summer Term,Summer Term,0,0
08/01/2025,Friday,5,2024-2025,2025,Summer Term,Summer Term,0,0
08/02/2025,Saturday,5,2024-2025,2025,Summer Term,Summer Term,0,0
08/03/2025,Sunday,6,2024-2025,2025,Summer Term,Summer Term,0,0
08/04/2025,Monday,6,2024-2025,2025,Summer Term,Summer Term,0,0
08/05/2025,Tuesday,6,2024-2025,2025,Summer Term,Summer Term,0,0
08/06/2025,Wednesday,6,2024-2025,2025,Summer Term,Summer Term,0,0
08/07/2025,Thursday,6,2024-2025,2025,Summer Term,Summer Term,0,0
08/08/2025,Friday,6,2024-2025,2025,Summer Term,Summer Term,0,0
08/09/2025,Saturday,6,2024-2025,2025,Summer Term,Summer Term,0,0
08/10/2025,Sunday,7,2024-2025,2025,Summer Term,Summer Term,0,0
08/11/2025,Monday,7,2024-2025,2025,Summer Term,Summer Term,0,0
08/12/2025,Tuesday,7,2024-2025,2025,Summer Term,Summer Term,0,0
08/13/2025,Wednesday,7,2024-2025,2025,Summer Term,Summer Term,0,0
08/14/2025,Thursday,7,2024-2025,2025,Summer Term,Summer Term,0,0
08/15/2025,Friday,7,2024-2025,2025,Summer Term,Summer Term,0,0
08/16/2025,Saturday,7,2024-2025,2025,Summer Term,Summer Term,0,0
08/17/2025,Sunday,8,2024-2025,2025,Summer Term,Summer Term,0,0
08/18/2025,Monday,8,2024-2025,2025,Summer Term,Summer Term,0,0
08/19/2025,Tuesday,8,2024-2025,2025,Summer Term,Summer Term,0,0
08/20/2025,Wednesday,8,2024-2025,2025,Summer Term,Summer Term,0,0
08/21/2025,Thursday,8,2024-2025,2025,Summer Term,Summer Term,0,0
08/22/2025,Friday,8,2024-2025,2025,Summer Term,Summer Term,0,0
08/23/2025,Saturday,8,2024-2025,2025,"Intersemesters, Breaks, Exams, & Winter Term",Summer-Fall Intersemester,0,0
08/24/2025,Sunday,9,2024-2025,2025,"Intersemesters, Breaks, Exams, & Winter Term",Summer-Fall Intersemester,0,0